{"artifici": [{"doc_id": 1, "pos": [1, 23, 48], "tf": 0.009230769230769232, "idf": 0}]}{"intellig": [{"doc_id": 1, "pos": [2, 24, 49], "tf": 0.009230769230769232, "idf": 0}]}{"uci": [{"doc_id": 1, "pos": [3, 22, 32, 58, 195], "tf": 0.015384615384615385, "idf": 0}]}{"shape": [{"doc_id": 1, "pos": [4], "tf": 0.003076923076923077, "idf": 0}]}{"the": [{"doc_id": 1, "pos": [5, 26, 45, 57, 68, 73, 82, 87, 154, 191, 225, 235, 238, 241, 303], "tf": 0.046153846153846156, "idf": 0}]}{"futur": [{"doc_id": 1, "pos": [6], "tf": 0.003076923076923077, "idf": 0}]}{"of": [{"doc_id": 1, "pos": [7, 28, 47, 81, 108, 181, 193, 224, 237, 263], "tf": 0.03076923076923077, "idf": 0}]}{"ai": [{"doc_id": 1, "pos": [8, 21, 31, 77, 194], "tf": 0.015384615384615385, "idf": 0}]}{"follow": [{"doc_id": 1, "pos": [9], "tf": 0.003076923076923077, "idf": 0}]}{"us": [{"doc_id": 1, "pos": [10, 15], "tf": 0.006153846153846154, "idf": 0}]}{"toggl": [{"doc_id": 1, "pos": [11], "tf": 0.003076923076923077, "idf": 0}]}{"navig": [{"doc_id": 1, "pos": [12], "tf": 0.003076923076923077, "idf": 0}]}{"home": [{"doc_id": 1, "pos": [13], "tf": 0.003076923076923077, "idf": 0}]}{"about": [{"doc_id": 1, "pos": [14], "tf": 0.003076923076923077, "idf": 0}]}{"event": [{"doc_id": 1, "pos": [16, 62, 133], "tf": 0.009230769230769232, "idf": 0}]}{"team": [{"doc_id": 1, "pos": [17, 197], "tf": 0.006153846153846154, "idf": 0}]}{"contact": [{"doc_id": 1, "pos": [18], "tf": 0.003076923076923077, "idf": 0}]}{"we": [{"doc_id": 1, "pos": [19, 63, 90, 127], "tf": 0.012307692307692308, "idf": 0}]}{"re": [{"doc_id": 1, "pos": [20], "tf": 0.003076923076923077, "idf": 0}]}{"at": [{"doc_id": 1, "pos": [25], "tf": 0.003076923076923077, "idf": 0}]}{"univers": [{"doc_id": 1, "pos": [27], "tf": 0.003076923076923077, "idf": 0}]}{"california": [{"doc_id": 1, "pos": [29], "tf": 0.003076923076923077, "idf": 0}]}{"irvin": [{"doc_id": 1, "pos": [30], "tf": 0.003076923076923077, "idf": 0}]}{"is": [{"doc_id": 1, "pos": [33, 190, 256, 305], "tf": 0.012307692307692308, "idf": 0}]}{"a": [{"doc_id": 1, "pos": [34, 176, 228], "tf": 0.009230769230769232, "idf": 0}]}{"nonprofit": [{"doc_id": 1, "pos": [35], "tf": 0.003076923076923077, "idf": 0}]}{"student": [{"doc_id": 1, "pos": [36], "tf": 0.003076923076923077, "idf": 0}]}{"run": [{"doc_id": 1, "pos": [37], "tf": 0.003076923076923077, "idf": 0}]}{"organ": [{"doc_id": 1, "pos": [38], "tf": 0.003076923076923077, "idf": 0}]}{"that": [{"doc_id": 1, "pos": [39], "tf": 0.003076923076923077, "idf": 0}]}{"focus": [{"doc_id": 1, "pos": [40], "tf": 0.003076923076923077, "idf": 0}]}{"on": [{"doc_id": 1, "pos": [41, 306], "tf": 0.006153846153846154, "idf": 0}]}{"promot": [{"doc_id": 1, "pos": [42], "tf": 0.003076923076923077, "idf": 0}]}{"and": [{"doc_id": 1, "pos": [43, 50, 53, 158, 227, 233, 259, 318, 323], "tf": 0.027692307692307693, "idf": 0}]}{"cultiv": [{"doc_id": 1, "pos": [44], "tf": 0.003076923076923077, "idf": 0}]}{"disciplin": [{"doc_id": 1, "pos": [46], "tf": 0.003076923076923077, "idf": 0}]}{"machin": [{"doc_id": 1, "pos": [51, 161, 165, 169, 173], "tf": 0.015384615384615385, "idf": 0}]}{"learn": [{"doc_id": 1, "pos": [52, 72, 162, 166, 170, 174], "tf": 0.018461538461538463, "idf": 0}]}{"it": [{"doc_id": 1, "pos": [54], "tf": 0.003076923076923077, "idf": 0}]}{"applic": [{"doc_id": 1, "pos": [55], "tf": 0.003076923076923077, "idf": 0}]}{"among": [{"doc_id": 1, "pos": [56], "tf": 0.003076923076923077, "idf": 0}]}{"commun": [{"doc_id": 1, "pos": [59], "tf": 0.003076923076923077, "idf": 0}]}{"bi": [{"doc_id": 1, "pos": [60], "tf": 0.003076923076923077, "idf": 0}]}{"weekli": [{"doc_id": 1, "pos": [61], "tf": 0.003076923076923077, "idf": 0}]}{"hold": [{"doc_id": 1, "pos": [64], "tf": 0.003076923076923077, "idf": 0}]}{"workshop": [{"doc_id": 1, "pos": [65, 111, 135, 160, 164, 168, 172], "tf": 0.021538461538461538, "idf": 0}]}{"meet": [{"doc_id": 1, "pos": [66, 99, 119, 137, 289], "tf": 0.015384615384615385, "idf": 0}]}{"for": [{"doc_id": 1, "pos": [67, 112], "tf": 0.006153846153846154, "idf": 0}]}{"curiou": [{"doc_id": 1, "pos": [69], "tf": 0.003076923076923077, "idf": 0}]}{"one": [{"doc_id": 1, "pos": [70], "tf": 0.003076923076923077, "idf": 0}]}{"to": [{"doc_id": 1, "pos": [71, 84, 121], "tf": 0.009230769230769232, "idf": 0}]}{"latest": [{"doc_id": 1, "pos": [74], "tf": 0.003076923076923077, "idf": 0}]}{"technolog": [{"doc_id": 1, "pos": [75], "tf": 0.003076923076923077, "idf": 0}]}{"espcial": [{"doc_id": 1, "pos": [76], "tf": 0.003076923076923077, "idf": 0}]}{"connect": [{"doc_id": 1, "pos": [78, 94], "tf": 0.006153846153846154, "idf": 0}]}{"from": [{"doc_id": 1, "pos": [79, 86], "tf": 0.006153846153846154, "idf": 0}]}{"profession": [{"doc_id": 1, "pos": [80], "tf": 0.003076923076923077, "idf": 0}]}{"academia": [{"doc_id": 1, "pos": [83], "tf": 0.003076923076923077, "idf": 0}]}{"almuni": [{"doc_id": 1, "pos": [85], "tf": 0.003076923076923077, "idf": 0}]}{"industri": [{"doc_id": 1, "pos": [88], "tf": 0.003076923076923077, "idf": 0}]}{"world": [{"doc_id": 1, "pos": [89, 226], "tf": 0.006153846153846154, "idf": 0}]}{"got": [{"doc_id": 1, "pos": [91], "tf": 0.003076923076923077, "idf": 0}]}{"you": [{"doc_id": 1, "pos": [92, 129, 302], "tf": 0.009230769230769232, "idf": 0}]}{"guy": [{"doc_id": 1, "pos": [93], "tf": 0.003076923076923077, "idf": 0}]}{"through": [{"doc_id": 1, "pos": [95], "tf": 0.003076923076923077, "idf": 0}]}{"our": [{"doc_id": 1, "pos": [96, 109, 118, 132, 196], "tf": 0.015384615384615385, "idf": 0}]}{"uniqu": [{"doc_id": 1, "pos": [97], "tf": 0.003076923076923077, "idf": 0}]}{"seminar": [{"doc_id": 1, "pos": [98, 136], "tf": 0.006153846153846154, "idf": 0}]}{"time": [{"doc_id": 1, "pos": [100], "tf": 0.003076923076923077, "idf": 0}]}{"pscb": [{"doc_id": 1, "pos": [101, 291], "tf": 0.006153846153846154, "idf": 0}]}{"120": [{"doc_id": 1, "pos": [102, 292], "tf": 0.006153846153846154, "idf": 0}]}{"6pm": [{"doc_id": 1, "pos": [103], "tf": 0.003076923076923077, "idf": 0}]}{"7pm": [{"doc_id": 1, "pos": [104, 296], "tf": 0.006153846153846154, "idf": 0}]}{"monday": [{"doc_id": 1, "pos": [105, 293], "tf": 0.006153846153846154, "idf": 0}]}{"onli": [{"doc_id": 1, "pos": [106, 294], "tf": 0.006153846153846154, "idf": 0}]}{"some": [{"doc_id": 1, "pos": [107], "tf": 0.003076923076923077, "idf": 0}]}{"past": [{"doc_id": 1, "pos": [110], "tf": 0.003076923076923077, "idf": 0}]}{"those": [{"doc_id": 1, "pos": [113], "tf": 0.003076923076923077, "idf": 0}]}{"who": [{"doc_id": 1, "pos": [114], "tf": 0.003076923076923077, "idf": 0}]}{"couldn": [{"doc_id": 1, "pos": [115], "tf": 0.003076923076923077, "idf": 0}]}{"t": [{"doc_id": 1, "pos": [116, 125, 311], "tf": 0.009230769230769232, "idf": 0}]}{"attend": [{"doc_id": 1, "pos": [117], "tf": 0.003076923076923077, "idf": 0}]}{"due": [{"doc_id": 1, "pos": [120], "tf": 0.003076923076923077, "idf": 0}]}{"space": [{"doc_id": 1, "pos": [122], "tf": 0.003076923076923077, "idf": 0}]}{"constraint": [{"doc_id": 1, "pos": [123], "tf": 0.003076923076923077, "idf": 0}]}{"don": [{"doc_id": 1, "pos": [124, 310], "tf": 0.006153846153846154, "idf": 0}]}{"worri": [{"doc_id": 1, "pos": [126], "tf": 0.003076923076923077, "idf": 0}]}{"have": [{"doc_id": 1, "pos": [128], "tf": 0.003076923076923077, "idf": 0}]}{"cover": [{"doc_id": 1, "pos": [130], "tf": 0.003076923076923077, "idf": 0}]}{"present": [{"doc_id": 1, "pos": [131], "tf": 0.003076923076923077, "idf": 0}]}{"all": [{"doc_id": 1, "pos": [134], "tf": 0.003076923076923077, "idf": 0}]}{"gener": [{"doc_id": 1, "pos": [138], "tf": 0.003076923076923077, "idf": 0}]}{"fake": [{"doc_id": 1, "pos": [139], "tf": 0.003076923076923077, "idf": 0}]}{"date": [{"doc_id": 1, "pos": [140], "tf": 0.003076923076923077, "idf": 0}]}{"profil": [{"doc_id": 1, "pos": [141], "tf": 0.003076923076923077, "idf": 0}]}{"with": [{"doc_id": 1, "pos": [142], "tf": 0.003076923076923077, "idf": 0}]}{"stylegan": [{"doc_id": 1, "pos": [143], "tf": 0.003076923076923077, "idf": 0}]}{"spam": [{"doc_id": 1, "pos": [144], "tf": 0.003076923076923077,